group,id,leader?,gender,age,discipline,number_semester,qualification_A,qualification_B,qualification_C,how_well_chaired,how_competent,formal_leader?,indiv_decision,final_decision?,influence_p1,influence_p2,influence_p3,respon_p1,respon_p2,respon_p3,confidence_decision,gen_motivation,group_ident_1,group_ident_2,group_ident_3,group_ident_4,exp_p1?,exp_p2?,exp_p3?,incorporate_group_exp,incorporate_indiv_exp,bias,open_comm_1,open_comm_2,open_comm_3,open_comm_4,interest_1,pressure_1,perceived_conf_1,interest_2,pressure_2,perceived_conf_2,interest_3,pressure_3,perceived_conf_3,pos_emo_1,neg_emo_1,neg_emo_2,pos_emo_2,neg_emo_3,pos_emo_3,neg_emo_4,pos_emo_4,pos_emo_5,neg_emo_5,purpose_study?
12,1,no,male,25,law,14,3,6,4,5,6,correct,B,leader,4,4,3,5,6,5,6,1,3,5,4,2,do not know,do not know,do not know,,,B,7,5,5,0,4,0,6,2,0,6,2,0,5,1,1,1,2,1,3,1,3,3,1,Entscheidungsprozesse unter Berücksichtigung von Erinnerungsdefiziten
12,2,yes,male,25,law,11,4,6,4,,,correct,B,leader,6,6,5,3,4,3,5,6,6,6,6,5,do not know,do not know,do not know,,,B,6,6,6,1,6,0,5,6,0,6,7,1,6,4,1,1,3,1,4,2,3,3,1,"Wertung von Eigenschaften bei Bewerbungsgesprächen, Verhältnis des eigenen Erinnerungsvermögens und des Einflusses durch andere"
12,3,no,female,25,linguistics,6,3,7,6,5,6,correct,B,leader,5,7,5,5,7,5,4,5,3,5,6,4,do not know,do not know,do not know,,,none,7,2,4,2,7,5,4,6,5,4,7,5,4,4,1,2,3,1,4,2,4,4,2,Wie sehr Argumente und logisches Vortragen von Infromationen eine Rolle spielen
13,1,yes,female,23,linguistics,10,5,6,2,,,correct,B,leader,7,4,3,7,0,0,4,7,7,6,4,5,do not know,do not know,do not know,,,B,7,2,7,0,7,1,6,7,3,5,7,0,7,4,1,1,4,1,5,2,3,4,2,"Unterschiedliche Teilnehmer hatten unterschiedliche Informationen - durch Austausch mussten diese abgeglichen werden, um auf die beste Lösung zu kommen"
13,2,no,female,37,teacher's training,15,5,6,4,6,5,correct,B,leader,7,5,5,7,3,3,4,5,5,5,4,5,wrong,wrong,wrong,,,A,6,2,6,1,7,0,5,6,0,4,6,1,4,3,2,1,3,1,3,1,3,2,1,Verhalten in Gruppen
13,3,no,male,25,law,11,5,6,3,6,6,correct,B,leader,6,5,5,6,3,3,5,6,5,5,4,5,do not know,do not know,do not know,,,B,6,4,7,0,6,1,3,5,3,3,6,4,4,3,1,1,4,2,2,2,2,2,1,"Es ging darum herauszufinden, wie in der Gruppe eine Entscheidung gefällt wird, wenn nicht alle Teilnehmer dieselben Entscheidungsgrundlagen haben, aber formal ein Leiter die Entscheidung treffen und die Informationen, die relevant sind gewinnen muss"
14,1,no,male,22,biotechnology,5,3,3,7,6,6,correct,C,leader,4,3,7,5,5,7,6,3,7,7,5,5,wrong,do not know,do not know,,,C,7,0,7,1,6,0,5,3,0,3,5,0,5,4,1,1,2,1,2,1,1,1,2,Ich weiß es nicht
14,2,no,male,30,medicine,10,5,4,5,6,6,correct,A,leader,3,3,5,1,1,6,3,4,4,5,2,5,wrong,wrong,do not know,,,A,5,3,6,4,4,1,3,4,2,3,5,3,3,3,1,1,2,1,2,2,2,2,1,Es ging darum ob man als Gruppe zu einer richtigen Entscheidung kommen kann & inwiefern jedes Gruppenmitglied seine eigene Meinung dabei integrieren kann.
14,3,yes,female,22,teacher's training,5,4,4,5,,,correct,C,leader,5,3,6,4,4,6,2,6,7,5,5,5,wrong,wrong,wrong,,,none,7,5,7,0,7,0,5,5,2,6,7,6,5,4,1,1,3,1,1,1,1,1,1,"Erinnerungsvermögen, Strategie bei Entscheidungsfindung, Beeinflussung bei Entscheiedung durch andere Meinungen"
16,1,no,female,21,teacher's training,3,3,3,6,,,correct,C,group,4,4,4,4,4,4,5,7,5,5,7,4,correct,do not know,do not know,0,2,C,7,5,7,0,5,2,4,4,1,7,3,4,5,2,1,1,1,1,2,1,3,2,1,Eigenes Einschätzen der Rolle während der Diskussion im Vergleich zu äußerer Wahrnehmung 
16,2,no,female,21,ecotrophology,3,1,4,6,,,correct,C,group,4,4,4,4,4,4,7,7,7,7,7,7,correct,correct,correct,6,7,C,7,4,7,0,5,0,5,5,0,4,4,0,5,4,1,1,3,1,3,1,3,3,1,"Rationalität, Kompromissschließung, Entscheidungsfähigkeit"
16,3,no,female,21,teacher's training,5,2,0,6,,,correct,C,group,4,6,6,6,6,6,7,7,5,6,7,7,correct,correct,correct,5,4,C,7,6,6,0,7,0,5,6,0,5,5,5,5,3,1,1,3,1,3,1,3,4,1,Ich weiß es nicht
17,1,no,female,21,teacher's training,2,6,3,7,,,correct,C,group,4,4,4,5,5,5,7,7,7,7,6,7,correct,correct,correct,7,7,none,7,6,7,0,6,1,4,5,1,4,5,2,6,4,1,1,2,1,2,2,3,4,1,"Darum, wie Entscheidungen mit ungleichen Wissensvoraussetzungen in einer Gruppe getroffen werden, wie die einzelnen Teilnehmer reagieren und zu einer gemeinsamen Entscheidung kommen"
17,2,no,male,27,psychology,9,5,2,6,,,correct,C,group,6,6,5,6,6,6,7,7,5,6,6,6,correct,correct,correct,6,6,C,7,6,6,0,6,2,6,6,1,6,5,1,6,4,1,1,3,1,4,1,4,4,1,Hidden information bias? Shared information bias?
17,3,no,male,19,medicine,2,5,3,6,,,correct,A,group,4,5,5,4,4,4,4,4,5,5,5,5,correct,correct,correct,2,4,A,6,4,6,0,5,2,5,5,1,4,5,2,5,4,1,1,3,1,3,1,3,3,1,Analyse von indiv. Gewichtung von Leistungsfaktoren der Bewerber: Was prägt sich ein? Was ist entscheidend?
18,1,no,female,22,teacher's training,4,3,5,3,,,correct,C,group,4,5,6,3,3,4,2,5,2,2,2,2,do not know,do not know,do not know,,,none,6,6,5,1,4,1,4,4,1,4,2,3,3,3,1,1,2,1,3,1,3,1,1,Die Studie bezieht sich auf das Thema Personalauswahl und berücksichtigt die Entscheidungskompetenz der einzelnen Teilnehmer
18,2,no,male,26,history,14,6,7,6,,,correct,B,group,3,6,5,4,5,7,0,6,5,6,7,7,do not know,do not know,do not know,,,none,6,2,6,1,6,0,2,4,0,2,5,0,2,5,1,1,3,1,1,1,3,3,1,"In der Situation ging es darum, anhand von Charakterisierungen dreier Kanditaten für die Stelle eines Piloten in einer dreiköpfigen Gruppe den besten auszuwählen"
18,3,no,male,20,teacher's training,2,3,4,3,,,correct,B,group,5,6,6,4,4,4,4,6,6,6,6,6,wrong,wrong,wrong,,,B,7,6,6,0,6,0,6,5,1,6,6,0,5,3,1,1,3,1,3,1,4,3,1,"Auswahl eines Bewerbers durch eine Gruppe anhand von Wissen, welches nur auf Erinnerung basiert"
19,1,yes,male,25,medicine,12,3,6,5,,,correct,B,leader,7,5,4,7,4,4,4,6,7,6,6,4,correct,correct,correct,6,7,none,6,4,7,1,6,2,5,6,5,4,3,3,5,5,1,1,3,1,3,1,3,3,1,Kommunikation im Team
19,2,no,female,22,medicine,10,4,6,5,7,6,correct,B,leader,6,5,3,7,4,2,4,6,5,5,5,6,correct,correct,correct,7,5,B,7,3,6,4,5,1,4,5,1,4,5,1,5,4,2,2,2,1,3,1,3,2,1,"Gedächtnis, erster Eindruck, Rangordnung Diskussionsteilnehmer"
19,3,no,male,25,political science,7,4,5,6,7,7,correct,B,leader,6,5,3,6,5,4,4,4,5,5,5,5,correct,wrong,wrong,7,4,none,5,0,7,1,5,3,4,5,0,4,5,0,4,2,1,2,1,1,3,1,1,1,1,"Zu sehen, was für die Mitglieder wichtiger ist bei einem Kandidaten"
20,1,no,male,25,law,11,4,5,4,,,correct,B,group,4,4,5,4,3,4,5,5,6,6,6,7,do not know,do not know,do not know,,,B,7,4,7,1,5,0,3,5,2,4,5,3,4,3,1,2,3,1,4,1,3,4,1,Ob sich die fundierteste oder die lautstärkste Meinung durchsetzt
20,2,no,female,20,teacher's training,1,5,6,5,,,correct,B,group,4,2,6,4,4,4,1,5,2,2,1,2,do not know,do not know,do not know,,,C,7,5,7,0,4,6,1,3,6,1,4,7,3,4,1,3,1,3,1,1,1,2,1,Entscheidungsfindung auf Basis erinnerter Informationen
20,3,no,male,26,law,11,3,5,3,,,correct,B,group,5,5,6,5,5,5,6,6,5,6,5,5,do not know,do not know,do not know,,,B,6,5,6,1,5,1,6,6,1,5,4,1,6,4,1,1,3,1,3,1,4,2,1,"Sondierung von relevanten und irrelevanten Informationen, argumentative Entscheidungsfindung"
21,1,no,female,25,psychology,10,5,3,6,,,correct,C,group,5,5,5,5,5,5,4,5,5,6,5,6,do not know,do not know,do not know,,,A,7,4,7,1,6,2,4,5,2,4,6,1,5,3,1,1,2,1,2,1,2,2,1,"Näher aufzuschlüsseln, wie unterschiedliche Aussagen/Informationen das Verhalten in der Gruppendiskussion beeinflussen"
21,2,no,male,27,educational science,8,5,3,6,,,correct,C,group,5,5,4,5,5,3,7,6,6,7,6,7,wrong,correct,wrong,,,A,7,4,6,2,7,1,5,6,5,5,6,4,7,4,1,1,3,1,3,2,4,3,1,"Kommunikationsverhalten in einer Gruppe, Erinnern persönlicher Eigenschaften, Dynamik in einer Diskussionsrunde"
21,3,no,female,20,special education,2,5,2,6,,,correct,C,group,5,5,5,5,5,6,5,7,6,7,5,7,wrong,do not know,wrong,,,C,7,7,7,0,7,2,5,6,0,5,4,1,6,4,1,1,4,1,3,1,3,2,1,Welche Umstände und Informationen tragen zu einer Entscheidungsfindung bei einer Bewerbung bei
22,1,no,male,22,law,6,4,6,2,5,5,correct,B,leader,4,6,4,4,6,3,6,6,4,6,6,7,correct,correct,correct,3,2,none,7,4,7,7,4,0,4,4,2,4,5,0,4,4,1,1,2,1,1,1,1,1,1,Entscheidungsfindung in Gruppensituationen
22,2,yes,male,24,law,6,3,6,3,,,correct,B,leader,6,6,3,5,6,3,7,7,7,6,6,6,correct,correct,correct,6,6,B,7,4,7,2,7,0,6,7,5,4,2,0,7,4,1,1,4,1,3,2,5,4,1,"Entscheidungsfindung mehrerer Personen bei unterschiedlichem Informationszugang: 1) Auswirkungen auf die Erinnerungsfähigkeit, 2) Diskussionskultur, Einfluss auf die Entscheidung durch Bestimmung eines Kommissionsleiters"
22,3,no,female,21,law,6,5,6,3,6,6,correct,B,leader,5,7,5,4,7,2,6,5,5,6,6,6,correct,correct,correct,7,5,none,7,4,5,0,4,2,3,5,4,4,6,6,6,4,2,1,4,1,3,1,3,1,2,Gruppendynamik (Verantwortung als Gruppenleiter 
40,1,no,female,19,psychology,2,5,3,7,,,correct,C,group,5,4,5,4,5,5,7,5,6,7,7,7,wrong,do not know,do not know,,,none,7,2,7,0,5,4,5,3,4,3,4,4,5,3,1,1,2,2,3,2,3,2,2,Gruppendynamik (wer übernimmt die Führung?); Erinnerung an die neuen Eigenschaften vs. den alten; ob man eher positive oder negative Eigenschaften erhält
40,2,no,female,19,psychology,2,4,3,6,,,correct,C,group,5,5,5,4,4,4,7,6,7,7,7,7,correct,wrong,wrong,,,none,6,1,7,1,5,2,5,5,2,5,5,2,6,4,1,1,4,1,3,1,3,2,1,Welchen Einfluss die Dynamik und die Interaktion in einer Gruppe auf eine zu treffende Entscheidung hat
40,3,no,male,20,psychology,2,4,3,6,,,correct,C,group,4,4,4,4,4,4,7,7,5,7,7,7,do not know,do not know,do not know,,,none,7,2,6,0,6,0,5,6,0,5,6,0,6,4,1,1,3,1,3,1,3,3,1,"Inwiefern man sich die Argumente der anderen Teilnehmer anhört und merkt, auch wenn sie eine andere Meinung vertreten"
41,1,no,female,22,criminology,10,3,5,7,6,7,correct,C,leader,5,5,6,5,5,7,6,6,5,6,6,6,correct,correct,correct,7,7,none,6,4,7,1,4,1,4,4,0,4,4,1,6,4,1,1,3,1,3,1,3,3,1,Bewerberauswahl bei unterschiedlichem Informationsstand der Kommissionsmitglieder
41,2,no,female,21,sport science,2,2,4,7,6,6,correct,C,leader,5,5,6,4,4,6,6,6,4,5,5,5,correct,correct,correct,6,5,B,7,3,6,0,4,1,3,5,2,3,5,5,4,4,1,1,3,1,3,2,4,3,1,"Welche Eigenschaften für Personen ausschlaggebend für eine Einstellung sind, mehr sachliche oder mehr soziale"
41,3,yes,female,21,psychology,4,3,5,7,,,correct,C,leader,5,4,6,2,2,6,6,6,5,6,7,5,correct,correct,correct,6,7,none,5,3,6,4,4,4,4,5,5,2,4,7,4,4,1,1,4,2,3,2,3,2,1,"Verzerrungen von Informationen durch Gruppendynamik, fehlende Infos, Zuteilung der Rollen"
23,1,yes,female,23,educational science,12,1,4,5,,,correct,C,leader,7,5,3,7,5,4,5,6,4,5,5,6,do not know,wrong,do not know,,,B,6,4,7,1,4,5,5,6,4,4,2,6,5,4,1,1,1,2,2,2,1,2,1,Informationsverarbeitung/Erinnerung von (un)sympatischen Leuten
23,2,no,male,25,educational science,4,1,6,3,6,6,correct,B,leader,6,4,4,6,4,4,5,6,6,6,4,6,wrong,wrong,wrong,,,B,7,1,7,1,5,0,4,2,1,4,1,0,3,3,1,1,4,1,1,1,5,3,1,Gruppenleistung
23,3,no,female,21,educational science,2,2,7,6,7,6,correct,B,leader,7,4,4,7,4,4,1,5,6,6,6,6,wrong,wrong,wrong,,,B,4,3,6,1,6,4,5,7,5,4,5,7,5,3,1,1,3,2,2,2,2,2,1,"Verhalten in Gruppendiskussionen, Rollenverteilung, Erinnerungsvermögen "
24,1,no,female,20,educational science,4,2,6,6,,,correct,C,group,5,5,5,4,4,5,3,5,4,7,5,7,correct,correct,correct,7,6,A,7,7,7,0,7,2,2,7,4,2,3,1,5,4,1,1,2,1,3,1,4,1,1,"Um die Position, die man in Gruppendiskussionen einnimmt, wie man mit anderen interagiert und sich selbst einbringt, und wie andere einen wahrnehmen"
24,2,no,female,22,educational science,4,2,7,5,,,correct,B,group,2,6,6,4,4,4,7,7,6,7,6,7,correct,correct,correct,6,7,B,7,5,7,0,6,0,4,6,2,5,5,1,6,4,1,1,3,1,3,1,3,4,1,Um das Diskutieren in Gruppen und eine Entscheidungsfindung bei einer verantwortungsvollen Entscheidung 
24,3,no,female,21,educational science,4,1,6,4,,,wrong,B,group,4,5,5,4,4,5,6,7,7,7,5,7,correct,correct,correct,7,6,B,7,5,7,0,7,1,6,7,1,4,7,0,7,5,1,1,4,1,4,1,4,3,1,Beteiligung einzelner an Gruppendiskussion und ihre danach eingegebene Selbsteinschätzung; Erinnerung von Merkmalen nach Favourit
25,1,no,female,20,history,2,2,4,6,7,7,correct,C,leader,3,3,5,3,3,5,6,4,4,5,3,4,correct,correct,correct,6,5,C,6,0,7,2,5,2,1,4,2,1,4,7,1,2,1,1,1,2,1,2,3,2,2,"Gedächtnistest vor und nach einer Debatte, also wie viel man sich alleine und wie viel man sich in der Gruppe merken kann"
25,2,no,male,19,psychology,4,3,4,6,7,6,correct,C,leader,3,4,6,4,4,6,3,6,5,5,4,5,correct,correct,correct,5,5,none,6,3,6,3,5,4,3,6,5,3,6,5,4,4,1,2,4,2,3,1,2,2,1,Inwiefern sich die Verteilung von gemeinsamer bzw. selektiver Information auf den Entscheidungsprozess auswirkt
25,3,yes,female,20,psychology,4,6,2,5,,,correct,A,leader,5,5,7,5,5,7,5,7,3,5,4,4,correct,correct,correct,6,6,none,7,4,7,1,7,5,6,7,5,4,5,7,5,4,1,1,4,1,4,4,5,4,1,"Bewerber zu beurteilen, obwohl man nicht die entsprechende Information zu jedem Bewerber hatte"
26,1,no,female,21,psychology,6,6,5,3,,,correct,A,group,5,6,4,6,6,5,5,6,6,6,3,5,correct,do not know,do not know,,,A,7,7,6,0,5,0,6,6,1,3,5,0,6,3,1,2,2,1,3,1,1,1,1,Führungsverhalten in Gruppen aufgrund von unterschiedlichen Informationen
26,2,no,female,22,psychology,6,4,6,2,,,correct,B,group,6,5,5,5,7,6,6,7,7,7,6,7,do not know,correct,wrong,,,B,7,7,7,0,6,2,5,6,3,3,7,2,6,4,1,1,3,1,2,1,2,2,1,Einfluss der Präsentation von verschiedenen Infos auf Entscheidungsfindung
26,3,no,female,22,psychology,6,6,7,3,,,correct,B,group,5,6,5,5,5,4,6,5,6,7,5,5,do not know,do not know,do not know,,,none,7,7,6,0,5,1,4,4,3,4,5,3,5,4,1,1,2,1,2,1,3,2,1,Sozialer Druck? 
27,1,no,male,22,psychology,6,7,2,6,,,correct,A,group,4,4,4,4,4,4,5,7,7,7,2,7,correct,correct,correct,7,5,A,7,7,7,0,7,0,6,7,1,4,7,2,6,5,1,1,4,1,3,2,4,3,1,Wie sich verschiedene Bedingungen auswirken. Wir waren die Kontrollgruppe?
27,2,no,female,20,psychology,2,6,4,6,,,correct,C,group,5,5,4,5,6,5,3,6,5,5,5,6,correct,correct,correct,7,3,C,7,7,7,1,6,0,6,5,4,6,6,1,6,4,1,1,4,1,4,2,5,4,1,Wie man sich durch gegebene Infos zu einer Person beeinflussen lassen kann
27,3,no,male,20,constructional engineering,2,6,3,7,,,correct,C,group,6,6,5,5,5,5,7,7,7,7,7,7,correct,correct,correct,7,6,A,7,7,7,0,7,0,5,6,5,4,6,7,4,5,1,1,3,2,2,2,3,5,1,Ausschlaggebende Kriterien bei einer Einstellung im Betrieb
28,1,yes,female,19,psychology,2,4,5,7,,,correct,C,leader,6,5,5,7,2,2,6,7,7,7,3,3,correct,correct,correct,7,7,none,7,7,7,0,7,5,5,7,2,5,6,6,6,4,1,1,4,1,3,1,3,3,1,"Es wurde getestet, ob man sich dadurch, dass man der Experte für einen Bewerber ist, diesen vorschnell favourisiert oder ob man auch die weiteren Nachteile der anderen berücksichtigt"
28,2,no,female,20,psychology,4,4,7,6,7,7,correct,B,leader,7,5,5,7,6,6,0,6,7,7,6,7,correct,correct,correct,7,6,B,7,5,7,1,6,1,5,6,1,5,6,4,6,4,1,1,4,1,2,1,2,2,1,"Entscheidungsfindung in Gruppen: Kommt man auch zum besten Ergebnis, wenn die Personen nicht die gleichen Informatinen haben"
28,3,no,female,21,psychology,6,5,6,7,7,7,correct,C,leader,5,4,4,7,3,3,4,6,5,7,7,6,correct,correct,correct,7,7,none,7,2,7,0,7,0,5,7,2,4,7,4,5,4,1,1,3,1,3,1,4,3,1,Um die Akzeptanz einer Führungsposition bei einer Diskussion mit komplett unterschiedlichen Standpunkten
29,1,no,female,20,educational science,4,3,5,6,,,correct,C,group,7,7,7,6,6,6,6,7,6,7,6,7,do not know,wrong,do not know,,,B,7,3,7,0,7,0,6,7,2,6,7,2,7,5,1,1,2,1,4,1,5,5,1,"Ich denke, es ging darum, wie gut man sich relevante Informationen eines Bewerbers einprägen kann und diese in einem Bewerbungsgespräch einbringt"
29,2,no,female,22,educational science,2,4,5,7,,,correct,C,group,5,5,5,5,4,5,7,6,6,6,6,6,wrong,correct,do not know,,,C,7,3,7,0,6,2,6,6,2,5,6,6,6,4,1,1,4,1,3,1,4,3,1,"Nur aufgrund weniger Informationen den passenden Bewerber für eine Stelle auswählen; quasi eine ""objektive"" Entscheidung"
29,3,no,female,21,psychology,6,5,6,7,,,correct,C,group,5,3,5,3,2,3,7,6,7,7,7,7,do not know,do not know,do not know,,,B,7,1,7,0,6,0,6,5,2,4,4,2,7,4,1,2,4,1,3,1,2,2,1,"In welchem Ausmaß Informationen, die individuell gegeben werden anders gewichtet werden als Informationen, die mehrere Teilnehmer erhalten "
30,1,yes,male,19,educational science,2,4,6,3,,,correct,B,leader,6,4,3,7,3,3,5,7,4,4,6,6,wrong,wrong,correct,,,A,7,4,7,1,7,0,5,6,1,6,4,1,6,4,2,1,3,1,4,2,3,3,1,"Ob Menschen einschätzen können, wie gut sie sind und für wie gut sie sich halten"
30,2,no,female,20,educational science,4,4,6,4,6,6,correct,B,leader,7,4,4,7,4,4,4,6,4,5,5,4,correct,wrong,wrong,,,B,7,4,6,3,6,3,4,6,6,4,6,6,5,3,1,1,4,1,3,2,3,4,1,Nach welchen Kriterien Personal ausgewählt wird bzw. welche Eigenschaften relevant sind für ein schlechtes Abschneiden eines Bewerbers
30,3,no,female,23,educational science,4,6,4,3,6,6,correct,A,leader,7,3,3,7,3,2,3,6,4,6,4,5,correct,do not know,do not know,,,A,7,0,7,1,4,6,1,4,6,0,3,7,1,4,1,1,4,3,1,5,1,1,3,Um die gemeinsame Auswahl bestgeeigneter Piloten für die Stelle als Langstreckenflugpilot
31,1,no,male,20,engineering,2,2,5,6,,,correct,C,group,5,6,5,3,5,5,7,7,5,6,6,6,correct,correct,correct,3,4,none,6,4,6,0,6,3,5,6,2,5,4,2,5,4,1,1,4,1,3,2,5,2,1,Erforschung der Gruppendynamik in Kommissionen zur Auswahl von Personal
31,2,no,female,18,psychology,2,2,5,6,,,correct,C,group,4,6,4,4,4,2,7,7,5,5,5,5,correct,correct,correct,4,4,none,7,7,7,1,7,1,6,7,0,5,7,0,5,4,1,1,4,2,5,1,4,4,1,Gruppenverhalten in Personalauswahl-Situationen
31,3,no,female,18,psychology,2,2,5,6,,,correct,C,group,4,5,4,3,3,3,5,6,6,6,7,6,correct,correct,correct,3,3,none,7,7,7,0,6,2,5,7,0,4,4,2,6,4,1,1,4,1,3,1,3,4,1,"Das Treffen einer Entscheidung,wenn nicht alle Gruppenmitglieder Zugang zu allen Informationen haben --> werden schlechte/gute Entscheidungen getroffen?"
32,1,no,female,20,psychology,2,7,2,4,,,correct,A,group,7,2,6,6,2,6,6,7,5,7,6,7,do not know,do not know,do not know,,,A,7,2,7,0,7,0,5,4,0,7,7,0,7,4,1,1,3,1,4,1,4,4,1,geteilte Informationen
32,2,no,female,20,psychology,2,6,3,4,,,correct,A,group,4,3,4,4,3,3,6,6,7,6,6,7,do not know,do not know,do not know,,,none,7,4,7,0,6,2,3,7,4,3,6,3,5,4,1,1,3,1,2,1,3,2,1,wie Gruppen Entscheidungen treffen 
32,3,no,female,20,psychology,6,7,3,1,,,correct,A,group,7,7,7,5,5,5,7,6,7,7,7,7,correct,correct,correct,,,B,7,6,6,0,7,1,6,6,0,6,7,1,7,5,1,1,3,1,3,1,4,4,1,"Gruppenverhalten, also soziale Interaktion, Merkfähigkeit unter Stressbedingungen "
33,1,no,female,19,educational science,2,3,5,6,,,correct,C,group,4,5,5,5,5,6,5,6,5,6,6,5,correct,do not know,correct,5,5,B,7,5,5,0,6,2,4,6,2,4,5,5,5,4,1,1,4,1,4,2,4,3,1,Gemeinsam Entscheidungen zu treffen und auf was Wert gelegt wird bei Charakterzügen
33,2,no,female,21,psychology,6,2,5,6,,,correct,C,group,7,6,6,7,7,7,7,7,6,7,6,6,correct,correct,correct,6,6,B,7,5,6,0,6,0,5,7,0,4,4,2,5,4,1,1,4,1,3,1,4,3,1,"Wie es sich auswirkt bei einer Entscheidungsfindung, wenn den einzelnen Mitglieder selektive Informationen zur Verfügung stehen"
33,3,no,female,20,psychology,4,4,5,7,,,correct,C,group,4,4,5,6,5,6,5,6,5,5,5,6,correct,correct,correct,3,2,none,7,5,7,0,5,0,4,4,0,4,4,2,5,4,1,1,3,1,3,1,4,1,1,"Ob z.B. bestimmte neg. Informationen von den Mitgliedern so sehr emotional erinnert werden, dass pos. in den Hintergrund treten"
34,1,no,female,24,psychology,10,3,6,2,6,6,correct,B,leader,1,1,7,5,5,7,2,6,5,6,5,6,correct,correct,correct,7,6,none,7,1,6,4,6,1,3,6,3,3,5,6,4,4,2,2,4,1,2,2,3,2,1,"um Gruppendynamik, wie auf einzelne Personen eingegangen wird, wie mit der Führungsposition umgegangen wird"
34,2,no,female,21,psychology,6,5,7,5,6,5,correct,B,leader,5,5,7,4,2,7,0,5,5,6,5,7,correct,correct,correct,7,6,none,7,3,7,3,4,1,4,4,0,4,1,0,4,3,1,1,1,1,3,1,4,3,1,Einfluss von Führungsperson
34,3,yes,female,22,psychology,8,3,6,1,,,correct,B,leader,2,2,7,2,2,7,6,7,3,4,5,5,correct,correct,correct,5,6,B,7,4,6,1,5,4,4,4,4,3,3,5,3,4,1,1,3,1,3,1,3,1,1,Lässt sich ein Leiter von seiner vorgefassten Meinung abbringen
35,1,no,female,21,educational science,4,4,6,5,6,7,correct,B,leader,5,5,7,5,5,7,6,5,5,5,5,5,wrong,wrong,wrong,,,B,7,6,7,0,7,0,4,5,0,4,6,2,4,4,1,1,2,1,3,1,3,2,1,"Ich denke, es geht um die Personalauswahl: welche Kriterien bleiben im Gedächtnis und welche positiven Aspekte sind so überzeugend, dass dieser Kandidat genommen wird"
35,2,no,female,20,educational science,4,2,6,5,7,7,correct,B,leader,4,3,7,5,5,7,6,5,5,5,5,5,do not know,do not know,wrong,,,none,7,2,6,0,6,5,3,3,5,4,6,5,4,3,1,1,1,1,1,1,1,2,1,Die Auswirkung unterschiedlicher Informationen auf die Gruppenentscheidung
35,3,yes,male,27,psychology,2,3,6,5,,,correct,B,leader,5,5,6,5,5,7,5,7,5,5,6,6,correct,do not know,wrong,,,B,5,1,7,1,5,2,2,4,0,1,3,1,2,3,1,2,4,2,3,2,3,1,1,nicht eindeutig - Merkfähigkeit nach Präfernz
37,1,no,female,19,psychology,2,2,6,7,,,correct,C,group,5,5,4,4,4,4,6,6,6,6,5,5,correct,correct,correct,,,B,7,4,6,0,5,0,4,5,1,5,5,3,5,4,1,1,2,1,3,1,4,3,1,Ob Erinnerungsvermögen mit der Entscheidung für einen Bewerber zusammenhängt
37,2,no,female,19,psychology,2,4,6,7,,,correct,C,group,4,4,4,6,6,6,7,7,7,7,6,6,correct,correct,do not know,,,B,7,6,7,0,6,1,6,6,1,6,4,0,7,4,1,1,2,1,3,1,4,1,1,Inwiefern Entscheidungeninnerhalb einer Gruppe getroffen werden und wie sich die Meinung der Gruppe bzw. deren Entscheidung auf das Gedächtnis auswirkt. Oder wie man von der Gruppenmeinung beeinflusst wird und ob diese bewusst wahrgenommen wird
37,3,no,female,19,psychology,2,3,6,7,,,correct,C,group,6,6,6,7,7,7,6,6,6,7,6,7,correct,correct,do not know,,,B,7,4,7,0,7,0,6,7,0,6,7,0,7,4,1,1,3,1,4,1,4,4,1,"Einerseits welche Eigenschaften man sich merken kann, vielleicht auch in Bezug zu der Person, die man selbst favourisiert hat. Andererseits um die Gruppenentscheidung selbst, wie diskutiert wird, und ob man sich einigen kann und ob es der richtige Pilot ist"
38,1,no,female,23,media science,6,6,4,7,,,correct,C,group,3,3,3,3,3,3,5,6,5,6,5,6,correct,correct,correct,6,6,A,7,5,5,0,5,4,4,5,5,4,5,6,4,4,1,1,3,1,3,4,2,3,1,"Zum einen ging es um die Erinnerung, also was jeder Teilnehmer sich merken konnte, und zum anderen darum, welche Entscheidung auf Basis der erinnerten Aspekte getroffen wurde"
38,2,no,female,22,psychology,6,4,3,5,,,correct,C,group,6,6,6,5,5,5,4,6,7,7,7,7,correct,correct,correct,7,6,B,7,5,7,0,6,4,3,4,2,3,5,1,4,3,1,1,4,1,1,1,3,1,1,Einfluss von subjektiver Wahrnehmung der eigenen Wichtigkeit und Verantwortung auf Entscheidungsverhalten 
38,3,no,male,30,psychology,7,6,5,6,,,correct,C,group,4,4,4,4,4,4,4,6,7,7,7,7,correct,correct,correct,5,5,none,6,6,7,0,6,1,5,6,2,5,6,1,5,4,1,1,2,1,4,1,3,1,1,"1. Inwieweit nutzen Gremiumsmitglieder die Infos anderer Mitglieder? 2. Wie lassen sich die Mitglieder davon abbringen, ihren eigenen Favouriten zu nominieren?"
39,1,no,female,20,psychology,2,6,3,7,6,6,correct,C,leader,6,6,7,4,4,7,5,5,5,7,7,6,do not know,do not know,do not know,,,C,7,1,7,0,5,2,6,6,3,6,6,4,6,4,1,1,3,1,2,2,3,4,1,Um den Einfluss anderer (rangniedrigerer) Mitglieder auf die Entscheidung der leitenden Person 
39,2,no,male,20,psychology,2,3,2,7,7,7,correct,C,leader,3,3,6,1,1,7,7,5,6,6,6,6,do not know,wrong,do not know,,,none,7,3,7,0,5,4,5,6,4,3,5,5,7,4,1,1,3,1,3,1,3,3,1,Den Einfluss individuell erhaltener Informationen auf die Diskussionsteilnahme
39,3,yes,female,21,psychology,4,3,2,6,,,correct,C,leader,4,4,7,2,2,7,6,7,7,6,7,7,correct,wrong,correct,,,B,7,2,6,0,6,5,5,6,4,6,6,5,6,5,1,1,3,1,4,1,4,4,1,Auwahl bzw. Abwägen von Persönlichkeitseigenschaften; Absprache und Übereinstimmung von unterschiedlichen Informationen
42,1,yes,female,21,computer science,4,4,5,6,,,correct,C,leader,5,4,4,6,4,4,5,6,5,5,3,3,do not know,correct,do not know,,,C,6,4,5,2,5,5,4,4,5,3,4,6,4,4,1,1,2,2,2,2,2,2,2,"Um die Entscheidungsfindung einer Gruppe unterschiedlicher Ränge, also darum ob ""niedere"" Ränge gehört werden"
42,2,no,female,20,sport science,2,2,6,7,7,7,correct,C,leader,6,5,5,6,3,3,6,5,2,7,6,7,wrong,do not know,do not know,,,B,7,3,7,1,7,2,5,6,3,4,6,5,6,4,1,1,2,1,3,2,3,3,1,"Einschätzen der Eigenschaften anderer, wie sie im Papier stehen und nicht ""erlebt"" werden, Hineinversetzen in die Rolle mit Entscheidungsdruck"
42,3,no,female,20,sport science,2,0,6,7,7,7,correct,C,leader,7,2,5,7,3,4,6,7,6,2,4,4,wrong,correct,wrong,,,B,6,1,7,1,6,1,4,5,5,4,5,5,5,4,1,2,3,1,3,2,3,3,1,Es ging um die Kommunikationsfähigkeit 
43,1,no,male,25,mathematics,4,3,5,7,,,correct,C,group,4,4,4,4,4,4,7,7,7,7,7,7,do not know,do not know,do not know,,,C,7,7,7,0,7,0,5,7,0,5,7,3,7,3,1,1,3,1,3,1,4,4,1,Wie sich einzelne Teilnehmer in einer Diskussion verhalten und ob man im Konsens ist 
43,2,no,female,21,psychology,4,1,5,7,,,correct,C,group,2,4,4,4,4,4,6,6,6,7,6,6,correct,wrong,wrong,,,none,7,6,6,0,6,2,4,3,0,4,4,5,5,3,1,1,2,1,3,1,3,3,1,Selbstwirksamkeit vs. Redeanteil
43,3,no,female,20,psychology,4,3,6,7,,,correct,C,group,5,5,5,4,4,4,7,7,6,6,4,5,correct,wrong,wrong,,,B,7,6,7,0,6,1,6,6,2,6,6,3,7,5,1,1,4,2,5,2,5,5,1,In wie weit man als Gruppe alle Infos zusammentragen und die richtige Entscheidung treffen kann
44,1,yes,male,20,educational science,2,4,5,2,,,correct,B,leader,6,5,4,5,4,2,4,7,5,7,5,7,correct,correct,correct,7,7,A,6,5,4,1,6,3,5,7,4,3,7,4,5,4,1,1,1,1,3,3,4,3,3,Merkfähigkeit von personenbezogenen Daten vor und nach Gruppendiskussion
44,2,no,female,20,psychology,4,3,5,2,6,6,correct,"B, C",leader,5,4,2,7,4,3,2,5,4,5,4,5,correct,correct,correct,6,6,B,7,4,5,1,4,1,3,4,1,4,5,2,5,2,1,1,2,2,2,1,1,1,1,wie wir mit (geteilten) Informationen umgehen
44,3,no,female,23,psychology,8,5,6,4,5,5,correct,B,leader,5,4,3,7,6,3,5,5,4,6,5,5,correct,correct,correct,6,5,C,4,5,7,2,5,4,3,5,3,3,5,5,5,3,1,2,3,2,3,2,2,1,1,"Wie sehr es davon abhängt, zu welchem Bewerber man am meisten Informationen erhalten hat, wie sehr man sich für ihn einsetzt"
45,1,no,female,19,psychology,2,6,4,7,,,correct,C,group,6,6,6,7,7,7,6,5,7,7,7,7,correct,correct,correct,4,5,A,7,7,7,0,6,2,6,7,3,5,7,4,7,5,1,1,4,1,5,1,4,3,1,"Wie in einer Gruppe entschieden wird, wenn die Informationen ungleich verteilt sind und jeder auf die informationen der anderen angewiesen ist"
45,2,no,female,20,psychology,2,6,3,7,,,correct,C,group,4,4,3,5,5,3,6,6,7,6,7,6,correct,correct,correct,2,2,none,7,6,7,0,5,2,5,6,4,5,4,3,6,4,1,2,4,1,4,2,3,3,1,"Es ging evtl. um die Beeinflussung der Meinung durch die Menge an ""Erstinformationen"" und das Empfinden für Verantwortung für den  jeweiligen Piloten "
45,3,no,female,20,psychology,2,6,4,7,,,correct,C,group,6,6,4,6,7,5,5,7,6,6,6,4,correct,correct,correct,7,3,none,7,7,6,0,5,6,0,4,6,1,3,1,1,4,1,1,4,1,1,1,1,5,1,Es ging darum bei einer Stresssituation ruhig zu bleiben und eine vernünftige entscheidung zu treffen 
46,1,no,female,21,educational science,4,3,5,6,,,correct,C,group,4,4,3,4,4,4,5,6,6,6,6,6,correct,correct,correct,7,6,A,7,5,7,1,6,1,6,6,1,5,5,1,5,3,1,1,2,1,3,1,4,3,1,"Den anderen zuzuhören, deren Informationen über die Piloten zu berücksichtigen (dadurch anderer Blickwinkel)"
46,2,no,female,46,psychology,4,3,5,4,,,correct,B,group,6,6,6,6,6,6,4,5,5,6,6,6,correct,correct,correct,6,6,B,6,4,6,1,5,1,4,5,1,4,5,1,4,3,1,1,3,1,3,1,4,2,1,"Verhalten in der Gruppe, Einfluss der Gruppe auf die Mitglieder, Beurteilung von Stellenbewerbern"
46,3,no,female,20,psychology,2,2,6,5,,,correct,B,group,6,7,7,5,5,5,4,6,7,7,7,7,correct,correct,correct,7,7,none,7,4,7,0,6,0,5,6,1,4,5,4,7,4,1,1,3,1,4,1,3,3,1,"Zusammenarbeit, um den richtigen Bewerber auszuwählen, alle Infos zusammenzutragen; Gedächtnis: wie sehr merkt man sich die Argumente der anderen"
84,1,no,female,24,international law,9,4,6,7,,,correct,C,group,5,5,5,4,5,6,7,7,6,7,7,7,correct,correct,do not know,,,none,7,1,7,0,7,0,6,7,0,6,6,0,7,3,1,1,5,1,3,1,5,5,1,Untersuchung von unterschiedlichen Charakteren
84,2,no,female,25,economics,8,4,5,6,,,correct,C,group,5,5,5,6,6,6,7,7,6,7,7,7,wrong,do not know,wrong,,,B,7,1,7,0,7,0,6,6,0,6,6,0,6,5,1,1,1,1,4,1,5,4,1,"Es geht darum, in der Gruppe den richtigen Bewerber auszuwählen, als Team bei einer Diskussion"
84,3,no,female,27,economics,6,2,3,6,,,correct,C,group,5,5,6,5,5,5,7,7,5,7,6,7,wrong,wrong,do not know,,,none,7,4,7,0,7,0,6,6,2,6,6,0,3,4,1,1,5,2,3,2,2,2,2,"Ich denke, es ging um Erinnerungsvermögen und Entscheidungsfindung "
85,1,no,female,22,economics,7,2,4,6,,,correct,C,group,5,6,5,7,7,7,6,7,6,7,5,6,correct,correct,correct,5,4,C,7,4,7,0,6,2,5,7,4,5,5,4,5,4,1,1,3,1,3,1,3,2,1,Um die Gruppendynamik und wie man die Informationen der anderen aufnimmt und darauf basierend seine Einstellungen ändert
85,2,no,female,23,economics,7,4,6,7,,,correct,C,group,6,6,4,6,6,6,5,6,7,7,7,7,correct,correct,correct,6,6,B,7,5,7,0,7,1,5,7,4,5,4,5,5,4,1,1,3,1,4,1,4,3,1,"Wie man sich im Gruppengefüge verhält und das Verhalten unter Stress, wenn es um eine Entscheidung über einen anderen ""Kopf"" geht"
85,3,no,male,24,economics,8,4,6,7,,,correct,C,group,7,6,6,7,6,6,6,6,7,7,7,7,correct,correct,correct,6,6,B,7,6,7,0,6,0,5,6,0,6,6,4,5,4,1,1,3,1,3,1,2,1,1,Erinnerungsvermögen
87,1,no,male,22,computer science,8,6,5,6,5,5,correct,A,leader,5,6,4,5,7,3,3,5,6,7,3,5,correct,correct,correct,4,4,A,7,7,7,0,0,0,5,5,1,5,5,6,7,4,1,1,3,1,1,1,4,2,1,x
87,2,yes,female,25,economics,7,6,5,5,,,correct,A,leader,6,7,6,5,7,5,2,6,6,7,5,5,correct,correct,correct,6,4,none,7,7,7,0,6,6,4,6,7,3,5,5,4,4,1,1,1,2,1,1,1,1,1,Verhalten in Auswahlprozessen
87,3,no,male,20,economics,5,5,6,4,6,6,correct,B,leader,5,4,7,4,5,7,4,4,3,6,6,6,correct,correct,correct,5,6,B,5,1,7,0,5,0,6,5,0,6,5,0,6,5,4,1,1,1,3,1,4,3,1,dominantes Verahlten in der Gruppe
88,1,no,female,24,management,10,5,2,7,,,correct,C,group,5,4,5,4,4,4,6,7,7,7,6,7,correct,correct,correct,5,4,A,7,5,7,0,7,0,6,7,0,5,6,3,5,5,1,1,4,1,4,2,4,4,2,Gruppenverhalten - wie Entscheidungen beeinflusst werden von anderen Mitgliedern
88,2,no,male,21,computer science,6,6,5,6,,,correct,C,group,4,4,4,4,4,4,5,7,7,7,7,7,correct,correct,correct,5,3,B,6,4,6,0,6,2,4,6,2,4,6,4,4,4,1,1,3,1,4,3,3,3,1,x
88,3,no,male,25,computer science,6,6,3,7,,,correct,C,group,5,5,5,4,6,6,7,7,6,5,6,4,correct,correct,correct,4,3,A,7,4,7,0,7,0,7,7,0,7,7,0,7,5,1,1,5,1,5,1,1,5,1,Objektive Entscheidungen treffen mit subjektiven Profilen
90,1,no,male,26,computer science,8,3,5,6,7,7,correct,C,leader,5,5,7,2,2,7,4,7,6,7,6,7,do not know,correct,correct,,,A,7,7,7,0,7,2,2,7,4,1,5,7,4,4,2,1,1,2,1,1,3,3,1,"Es wurde untersucht, ob Personen aufgrund ihrer Rolle oder aufgrund von anderen Personen von ihrer Meinung beeinflusst sind"
90,2,no,male,28,computer science,13,1,4,6,7,6,correct,C,leader,4,5,5,2,2,7,5,5,5,6,5,4,correct,do not know,do not know,,,none,7,2,7,0,7,0,6,6,0,6,6,2,6,4,1,1,2,1,3,1,5,4,1,Gruppendynamik und gegenseitige Beeinflussung bei Entscheidungsfindung
90,3,yes,female,27,management,11,5,5,7,,,correct,C,leader,5,5,6,2,2,7,5,7,5,6,5,4,do not know,do not know,do not know,,,none,7,7,7,7,6,5,7,7,4,7,7,7,7,5,2,2,5,2,4,2,3,3,2,Eine kleinteilige Entscheidung herunterzubrechen auf das Wesentliche
91,1,no,female,20,law,2,2,7,6,,,correct,B,group,4,4,4,6,6,6,6,7,7,7,7,7,do not know,do not know,correct,,,B,7,5,7,0,7,3,3,7,3,3,7,3,6,4,1,1,3,1,3,2,3,3,1,"Kooperation in der Gruppe, Eingehen auf die Informationen anderer trotz Favorisierung sich auf die Argumente einlassen"
91,2,no,male,24,computer science,10,5,7,6,,,correct,B,group,5,5,2,4,4,4,6,6,7,6,7,6,do not know,do not know,do not know,,,B,7,2,7,0,6,0,3,5,2,4,7,1,5,4,1,1,3,1,3,1,3,3,2,"Es ging darum, wie sehr geteilte und ungeteilte Informationen zwischen Gruppenmitgliedern eine Gruppenentscheidung beeinflussen"
91,3,no,female,23,law,10,2,5,4,,,correct,B,group,4,4,5,4,4,4,5,5,7,7,7,4,wrong,do not know,correct,,,C,7,4,7,1,4,1,4,7,1,4,7,2,4,3,1,1,2,1,3,2,3,3,1,x
92,1,no,female,26,anthropology,12,3,6,7,,,correct,C,group,6,6,6,7,7,7,5,6,6,6,6,6,correct,correct,correct,7,6,none,7,3,6,0,5,0,4,5,0,5,6,1,5,3,1,1,3,1,3,1,3,3,1,Um die Interaktion in der Gruppendiskussion im Hinblick auf den Umgang mit Entscheidungssituationen
92,2,no,female,22,anthropology,6,5,6,7,,,correct,C,group,5,5,5,6,6,6,5,6,6,7,6,7,correct,correct,correct,7,5,none,7,6,7,0,7,0,5,5,0,4,5,0,6,3,1,1,2,1,2,1,3,3,1,Meiner Meinung nach ging es um das Abwägen von positiven und negativen Eigenschaften eines Kandidaten
92,3,no,female,27,economics,10,5,6,7,,,correct,C,group,3,3,3,3,3,3,5,6,6,6,5,7,correct,correct,correct,6,6,A,7,5,6,0,6,0,3,5,0,3,5,0,6,3,1,1,2,1,2,1,3,2,1,Verhalten in Gruppensituationen
93,1,no,female,23,psychology,8,4,5,5,4,5,correct,B,leader,2,3,6,1,1,7,3,5,3,5,5,4,correct,correct,correct,4,4,A,2,0,5,2,4,2,3,2,2,4,3,4,5,3,2,1,4,1,3,1,3,3,2,Gruppendynamik zwischen Vorgesetzten und Mitarbeitern bei Entscheidungsfindung mit unterschiedlichem Wissensstand
93,2,no,female,28,economics,10,4,5,3,3,4,correct,B,leader,2,3,6,1,1,6,1,5,3,3,3,1,correct,correct,correct,4,4,B,1,0,2,2,0,0,4,0,0,2,1,1,4,3,2,2,5,1,3,2,3,3,1,Gruppendynamik
93,3,yes,female,31,linguistics,4,5,7,5,,,correct,B,leader,4,4,6,2,2,7,7,6,3,3,7,3,correct,correct,correct,7,7,none,4,2,7,4,4,1,4,7,2,4,7,7,6,4,1,1,2,1,3,1,3,2,1,"Zusammenarbeit  von Fremden, um zu einem Konsensus zu gelangen; um die Frage, wie sehr man sich von der Meinung anderer beeinflussen lässt"
94,1,no,female,30,history,13,3,2,5,,,correct,C,group,5,5,4,7,7,7,5,7,6,6,6,7,correct,correct,correct,6,6,C,7,3,7,0,7,5,6,7,4,6,7,6,7,5,1,1,4,2,5,1,5,5,2,"Selbstvertrauen, Stressbewältigung,Möglichkeit, den eigenen Eindruch durch Austausch zu ändern"
94,2,no,female,24,medicine,2,6,4,6,,,correct,C,group,6,6,5,4,4,4,3,7,7,7,7,6,correct,correct,correct,2,2,B,6,6,4,0,6,5,1,6,2,7,7,1,6,4,1,1,3,1,2,1,1,1,1,"wie beeinflussen mich Gruppenmitglieder in ihrer Meinung, wenn sie eine Expertise in einem Bereich haben"
94,3,no,female,22,teacher's training,8,3,0,6,,,correct,C,group,7,5,5,5,5,5,6,6,5,5,6,5,correct,correct,correct,5,5,C,7,3,7,0,6,0,6,6,0,5,6,1,7,4,1,1,3,1,4,1,4,3,1,"Erinnerungsvermögen vor uns nach der Diskussion, Einfluss von Expertise auf Gruppenentscheidungen"
95,1,no,female,22,medicine,3,1,7,1,5,1,correct,B,leader,5,6,4,4,7,4,5,6,6,5,5,6,wrong,correct,wrong,,,B,6,4,5,0,7,2,5,5,2,5,5,5,7,5,1,1,1,1,4,3,4,3,1,"In dieser Studie ging es nach meiner Ansichr um die Teamfähigkeit, das Vermögen, sich in die andere Person hineinzuversetzen, zu zuhören und Entscheidungen zu treffen"
95,2,yes,male,25,educational science,10,7,7,6,,,correct,B,leader,4,6,5,6,7,6,6,6,5,6,5,3,correct,correct,wrong,,,A,5,3,7,2,6,2,4,5,4,4,5,6,4,4,1,2,3,1,3,3,3,2,1,Konfliktlösung trotz ambivalenter Informationen
95,3,no,female,19,psychology,2,4,6,4,6,5,correct,B,leader,5,7,5,5,7,5,3,5,5,4,4,5,correct,correct,do not know,,,B,5,5,7,2,5,1,4,5,0,3,5,3,3,5,1,1,4,1,2,1,4,1,1,"Ich denke, dass es darum ging, in wie weit sich eine Leistungspersönlichkeit während der Entscheidungsfindung durch Fremdmeinungen beeinflussen lässt"
96,1,yes,female,24,anthropology,10,6,5,5,,,correct,A,leader,7,6,5,7,6,6,4,6,7,7,6,5,correct,correct,correct,6,6,none,7,3,7,3,6,3,5,7,5,6,6,6,6,5,1,1,4,2,4,2,4,3,1,x
96,2,no,male,20,economics,5,6,3,5,7,6,correct,A,leader,7,5,5,6,5,5,5,6,6,7,4,7,correct,correct,correct,6,5,B,7,4,4,0,6,1,5,6,5,5,5,6,6,5,1,1,4,1,1,2,1,2,1,"zu beurteilen, wie wichtig Persönlichkeitsmerkmale von Bewerbern sind"
96,3,no,female,21,physics,4,6,6,6,7,6,correct,A,leader,6,5,4,6,5,2,2,4,5,5,6,4,correct,correct,correct,5,4,none,7,3,6,1,4,4,3,4,5,4,5,5,5,2,1,1,2,1,3,2,3,2,1,x
97,1,no,female,22,history,6,6,2,4,6,6,correct,A,leader,3,7,3,2,7,2,2,6,4,6,6,6,wrong,correct,wrong,,,B,7,0,7,5,6,1,4,6,0,1,6,7,3,4,1,1,1,1,3,1,3,2,1,x
97,2,yes,male,24,sport science,6,6,2,4,,,correct,A,leader,3,6,4,4,5,4,7,6,5,7,6,7,wrong,wrong,wrong,,,A,7,5,6,2,6,5,6,5,5,6,7,4,6,4,1,2,4,1,5,3,4,4,1,Verschiedene Personalentscheidungen besser zu verstehen
97,3,no,female,26,political science,7,6,2,4,7,7,correct,A,leader,5,6,5,3,6,3,1,4,5,7,3,6,do not know,do not know,do not know,,,A,6,5,7,1,6,2,4,6,2,5,3,4,5,4,1,1,4,1,4,2,4,2,1,wie Machtverhältnisse Entscheidungen beeinflussen
98,1,no,female,24,chemistry,8,3,5,6,,,correct,C,group,4,6,6,7,7,7,4,7,7,7,5,7,do not know,do not know,do not know,,,B,7,7,7,0,7,5,5,7,1,4,7,2,4,4,1,1,4,1,3,1,3,3,1,"Einschätzungen der Einzelpersonen zu was wichtig ist für Führungskompetenzen, nach welchen Kriterien Menschen auswählen"
98,2,no,male,23,chemistry,8,4,2,6,,,correct,C,group,7,4,4,7,7,7,6,7,7,7,4,7,wrong,do not know,do not know,,,C,7,7,7,0,7,0,5,6,0,3,7,0,6,4,2,1,4,1,4,1,4,3,1,Welche Art von Gruppendynamik führt zur Wahl der objektiv besten Situation
98,3,no,male,23,biology,8,4,5,2,,,correct,B,group,4,5,5,5,4,4,3,6,6,6,5,7,wrong,wrong,do not know,,,B,6,7,6,0,7,0,5,3,0,6,6,0,5,4,1,1,2,1,2,1,3,3,1,Bewertung von Bewerbern mit verschiedener Faktenlage/Einschätzung/Wertung; wie sehr rückt man in der Diskussion von der Einschätzung nach den Informationen ab
48,1,no,female,20,psychology,2,2,4,6,,,correct,C,group,7,7,7,6,6,6,5,6,6,7,5,6,correct,wrong,wrong,,,none,7,7,6,0,5,1,3,5,0,3,4,1,4,4,1,1,3,1,3,1,3,3,1,"Wie wird durch Kooperation und aufmerksames Zuhören die richtige Entscheidung getroffen, auch wenn nicht alle die gleichen Informationen haben"
48,2,no,female,21,psychology,2,1,4,6,,,correct,C,group,4,4,2,7,7,7,5,7,6,7,5,4,do not know,correct,do not know,,,B,6,6,7,0,5,3,5,6,5,3,6,4,4,3,1,1,3,1,3,2,3,1,1,"Wie unterschiedliche Informationen von verschiedenen Gruppenmitgliedern genutzt eingeschätzt werden, um eine gemeinsame Entscheidung zu treffen"
48,3,no,female,20,psychology,2,2,6,4,,,correct,B,group,6,5,5,6,6,6,3,7,7,7,7,7,do not know,do not know,do not know,,,B,6,5,5,1,6,4,4,6,1,4,6,4,6,4,1,1,3,2,2,1,2,1,2,Wie Bewerbungen am besten formuliert sein sollten
49,1,no,female,19,psychology,2,5,1,7,,,correct,C,group,7,7,7,7,7,7,7,7,7,7,7,7,correct,correct,correct,5,5,A,7,4,7,0,7,0,5,7,0,5,7,5,7,5,1,1,3,1,4,1,5,5,1,"Meiner Meinung nach ging es zum einen darum, ob man ein gewisses Maß an Vorinformationen meine Meinung steuert, und zum anderen darum, ob es beeinlfusst, wenn ein Kommissionsmitglied seine Expertise dominanter vertritt"
49,2,no,male,19,psychology,2,5,3,6,,,correct,C,group,6,5,5,5,4,4,6,6,6,7,6,5,correct,correct,correct,5,5,none,6,6,6,0,6,2,4,5,1,4,6,1,4,3,1,1,3,1,2,2,3,1,1,Entscheidungsfindung in der Gruppe; unter welchen Bedingungen finden Gruppen mit unterschiedlichen Infos den besten Bewerber?
49,3,no,female,21,psychology,2,4,2,6,,,correct,C,group,6,6,6,6,6,6,7,7,7,7,7,7,correct,correct,correct,4,4,none,7,7,7,0,7,0,6,7,0,5,7,1,7,5,1,1,3,1,3,1,4,5,1,"Den Austausch in der Gruppe, bei der die jeweiligen Mitglieder nicht alle dieselben Informationen hatten. Man will herausfinden, ob sich die Mitglieder so gut miteinander absprechen und alle Infos miteinander teilen, da nur so eine Entscheidung für den richtigen Piloten mögoch war"
50,1,no,female,20,psychology,2,5,6,3,6,7,correct,B,leader,3,6,4,4,7,4,6,4,5,7,6,7,wrong,do not know,wrong,,,A,7,3,7,2,4,4,1,6,3,2,6,5,2,4,2,1,2,1,3,2,3,3,1,Inwiefern sich die eigene Rolle in der Kommissionsgruppe auf das Befinden den Selbstwert auswirkt 
50,2,yes,female,23,psychology,2,4,6,5,,,correct,B,leader,5,7,6,6,7,6,6,7,7,6,7,2,correct,do not know,correct,,,B,7,2,7,3,7,1,7,7,1,6,5,1,7,5,1,1,4,1,3,2,4,5,1,Interaktion mit den Gruppenmitgliedern; Abwägen von Eigenschaften und ihrer Bedeutung; Einfluss der Gruppe auf die eigene Meinung
50,3,no,female,20,educational science,2,2,6,4,7,7,correct,B,leader,5,7,6,2,7,4,7,5,5,6,6,3,do not know,correct,wrong,,,B,6,3,6,1,6,1,6,5,3,6,6,0,6,4,1,1,4,2,3,2,4,5,2,"Ich vermute, dass es möglicherweise um das Verhalten in einer ""Führerrolle"" im Vergleich zu ""Untergebenen"" ging"
51,1,no,female,21,psychology,2,4,6,5,,,correct,B,group,5,5,5,6,6,6,5,6,5,5,6,5,correct,wrong,wrong,,,B,7,5,6,2,6,2,5,5,1,5,4,1,5,3,1,1,3,1,3,1,4,1,1,Wie bestimmte Eigenschaften zu einem gewissen Bild und Urteil verleiten
51,2,no,female,21,psychology,4,4,6,6,,,correct,C,group,4,4,4,5,5,5,3,5,7,6,6,7,do not know,correct,do not know,,,B,7,5,7,0,6,0,4,5,0,3,5,0,4,4,1,1,4,1,1,2,1,3,1,schlechte Kommunikation bzw. Austausch --> Fehlentscheidungen
51,3,no,female,19,psychology,2,3,6,4,,,correct,B,group,5,3,4,7,7,7,6,5,5,6,6,5,do not know,do not know,do not know,,,B,7,6,7,2,6,3,4,4,4,4,5,2,6,4,1,1,3,1,4,1,4,4,1,Wie Personen mit unterschiedlichen Informationen einen Bewerber auswählen und welche Kriterien berücksichtigt werden
52,1,no,male,22,teacher's training,4,4,7,6,5,5,correct,B,leader,5,4,7,4,3,7,3,4,3,5,4,3,correct,correct,correct,4,5,B,5,5,7,1,3,1,4,3,2,5,4,1,6,3,1,1,3,1,3,2,4,3,1,"Wie sich die eigene, vorweg durch Inforamtionen gebildete Meinung durch Informationen anderer ändern lässt"
52,2,no,female,21,educational science,4,2,6,5,7,6,correct,B,leader,5,4,6,4,3,5,4,5,1,3,5,4,correct,correct,correct,5,4,B,7,6,7,1,2,2,3,1,3,2,1,5,4,3,1,2,3,1,2,2,3,3,1,Untersuchung der Diskussion und der Argumente in Abhängigkeit der Instruktionen und der zugeitelten Pilotenperson
52,3,yes,female,21,educational science,4,5,6,7,,,correct,C,leader,6,4,6,4,4,6,5,6,4,5,3,5,correct,correct,correct,4,6,A,7,4,4,0,6,4,6,6,3,5,6,4,7,5,1,1,2,1,2,2,3,2,1,Ob der Informationsgehalt einen Unterschied bei der Entscheidung macht
53,1,no,female,19,management,1,6,5,4,,,correct,A,group,4,4,4,4,4,4,4,6,5,6,7,7,do not know,do not know,do not know,,,none,7,5,6,0,5,3,3,4,0,4,6,2,4,3,1,1,2,1,2,1,2,2,1,Was bei der Einstellung eines Bewerbers als wichtig erachtet wird
53,2,no,female,23,educational science,8,6,5,4,,,correct,A,group,6,5,4,6,6,6,6,6,6,7,5,7,do not know,do not know,do not know,,,B,7,6,6,0,7,1,4,6,1,4,6,3,4,4,1,1,4,1,3,1,3,3,1,"Ob es in der Gruppe eine Person gibt, die ""führt"" oder ob alle Mitglieder gleich sind"
53,3,no,female,28,educational science,8,5,4,3,,,correct,A,group,6,4,5,6,6,6,5,7,7,7,6,7,do not know,do not know,do not know,,,B,7,3,7,0,7,0,3,6,0,3,5,5,4,5,1,1,5,1,2,2,3,3,1,Gibt jemand den Ton an? Oder fügt sich jmd. aus Bequemlichkeit/Änglichkeit der Meinung der anderen Personen an?
54,1,no,female,20,psychology,2,3,4,6,,,correct,C,group,5,5,5,5,5,5,6,6,5,6,5,6,correct,correct,correct,5,5,none,7,5,6,0,5,0,5,6,1,4,5,3,6,3,1,1,3,1,3,1,3,4,1,"ob alle Infos miteinfließen, inwieweit geteilte & nicht geteilte Infos die Entscheidung beeinflussen"
54,2,no,female,20,psychology,2,2,3,7,,,correct,C,group,4,5,4,4,4,4,7,7,7,6,5,3,correct,correct,correct,7,7,C,7,5,7,0,7,0,6,7,0,6,7,3,7,5,1,1,4,1,4,1,4,4,1,"Wie es möglich ist, dass bei Personalentscheidungen alle relevanten Informationen einbezogen werden"
54,3,no,female,20,psychology,2,2,5,6,,,correct,C,group,5,6,5,4,4,4,6,7,6,6,5,6,correct,correct,correct,7,7,none,6,6,6,0,7,0,6,7,0,6,4,0,7,5,1,1,5,1,3,2,1,2,2,"inwiefern Inhalte adäquat berücksichtigt werden, wenn sie aufgeteilt werden und somit jeder nur eine begrenzte Sicht und Prägerenz hat"
55,1,no,female,21,psychology,4,4,6,4,6,6,correct,B,leader,4,6,5,4,7,3,5,4,5,6,6,6,correct,correct,correct,6,6,none,6,6,6,1,5,3,4,5,4,4,4,5,5,4,1,1,2,1,2,2,3,2,1,Treffen von Gruppenentscheidungen mit jeweils eingeschänkten Informationen; Konformitätsdruck und gegenseitige Beeinflussung; Rollenverteilung bei Entscheidungen (Führungsposition & Unterordnung)
55,2,yes,female,23,educational science,7,5,6,3,,,correct,B,leader,4,6,4,4,7,3,5,7,5,5,5,5,correct,correct,correct,6,6,B,6,6,7,1,6,2,6,6,5,5,6,3,5,4,1,1,3,1,3,2,3,3,1,Wie eine Diskussion stattfindet mit unterschiedlichen Rollen und Vorkenntnissen
55,3,no,female,21,psychology,4,6,6,5,7,7,correct,C,leader,6,7,5,6,7,5,3,4,5,5,5,5,correct,correct,correct,7,6,B,7,2,7,0,7,2,3,5,2,1,5,5,2,4,1,2,2,2,1,1,3,2,1,Ob Kommissionsleiter immer denselben Piloten auswählen
56,1,yes,male,23,physics,3,2,5,4,,,correct,C,leader,6,4,4,6,2,2,6,6,5,7,4,5,wrong,wrong,wrong,,,C,4,4,7,0,4,0,4,4,1,4,3,2,6,3,1,1,3,1,3,1,3,3,1,Gruppendynamik bei prinzipiell Gleichgestellten mit neu geordneter sozialer Stellung
56,2,no,male,22,biology,10,5,3,2,1,2,correct,A,leader,7,5,5,6,3,3,2,3,4,6,2,6,correct,correct,wrong,,,A,7,4,7,2,6,2,5,3,2,5,6,1,6,3,1,1,2,1,5,1,5,3,1,Um das Verhalten von verschiedenen Personenmit bzw. ohne Autorität in einer Gruppendiskussion
56,3,no,female,21,educational science,4,4,6,2,6,6,correct,B,leader,6,4,4,6,3,3,5,5,5,6,5,5,do not know,do not know,do not know,,,B,5,5,7,1,6,2,4,6,0,4,4,4,3,4,1,1,3,1,2,1,3,1,1,"Favorisierung von Piloten, von denen man mehr Infos hatte"
57,1,no,female,22,psychology,6,5,3,7,,,correct,C,group,5,5,5,6,5,5,6,5,5,7,7,6,do not know,do not know,do not know,,,C,7,5,7,0,6,0,4,6,1,5,5,1,5,4,1,1,3,1,3,2,4,3,1,Verhalten in sozialen Situationen; Personalauswahl bei eingeschränkten Informationen
57,2,no,male,23,psychology,6,5,4,7,,,correct,C,group,6,6,6,6,4,4,5,6,6,6,6,6,do not know,do not know,do not know,,,B,7,2,7,0,7,0,4,5,0,5,6,2,7,4,1,1,2,1,2,1,2,2,1,Einfluss der zuvor verfügbaren Informationen
57,3,no,female,25,psychology,2,4,6,7,,,correct,C,group,5,4,4,5,5,5,6,4,7,7,7,7,do not know,do not know,do not know,,,B,7,6,6,0,6,1,4,5,2,5,5,2,5,3,1,1,4,1,4,2,4,3,1,x
76,1,no,male,40,biology,17,5,6,5,6,6,correct,B,leader,3,6,3,3,6,3,4,5,4,5,5,5,wrong,do not know,do not know,,,none,6,3,6,3,5,6,3,4,6,3,3,6,2,3,1,1,3,1,2,4,2,2,4,Gedächtnsfähigkeiten und deren Veränderungen im Verlauf des Gesprächs 
76,2,yes,male,26,engineering,11,3,6,5,,,correct,B,leader,4,7,5,2,6,3,5,6,5,5,4,7,correct,correct,wrong,,,B,6,2,6,2,7,1,6,6,2,6,5,2,6,5,1,1,3,1,3,2,4,4,1,Es ging um den Austausch unterschiedlicher Informationen. Wie lässt sich das Gesamtbild der Kandidaten erzeugen mit variierenden Einfrücken? Wie viel ist objektiv und wie viel subjektiv?
76,3,no,female,35,social work,6,3,6,5,7,6,correct,B,leader,4,7,5,5,7,5,3,5,6,6,5,6,do not know,wrong,wrong,,,none,7,4,7,1,5,2,5,6,4,2,6,6,5,4,1,1,3,2,2,1,2,2,2,Welche Persönlichkeitsaspekte sind im Bewerbungsverfahren am einprägsamsten und wie werden sie gewichtet?
77,1,no,male,22,psychology,4,5,5,7,,,correct,C,group,4,2,4,4,4,4,5,7,7,5,6,5,correct,correct,correct,5,5,none,7,2,7,0,7,2,7,7,2,7,7,1,7,5,1,1,3,1,3,1,3,5,1,x
77,2,no,male,26,computer science,4,4,5,7,,,correct,C,group,6,5,5,5,5,5,6,6,6,6,7,6,correct,correct,correct,6,6,B,7,3,7,0,5,0,5,5,3,5,5,2,5,3,1,1,2,1,2,1,3,3,1,Gedächtnisprozesse
77,3,no,female,21,psychology,4,5,5,7,,,correct,C,group,6,6,6,6,6,6,7,7,7,6,7,7,correct,correct,correct,7,7,none,7,6,7,0,7,0,4,7,0,7,7,0,7,5,1,1,5,1,5,1,3,3,1,"Entscheidungsfindung bei Informationen, die nicht alle geteilt sind. Austausch in der Gruppe ist notwenig um überhaupt alle relevanten Informationen zu bekommen"
78,1,no,female,23,anthropology,6,5,7,7,7,7,correct,C,leader,4,4,7,4,4,7,6,6,6,7,7,6,correct,correct,correct,6,6,C,7,0,6,2,6,4,4,6,2,5,7,5,6,4,1,1,3,1,2,1,2,2,1,Die geeigneten Piloten raussuchen
78,2,no,female,25,linguistics,10,2,5,6,6,3,correct,C,leader,6,6,6,4,4,6,4,7,5,5,7,7,correct,correct,correct,7,7,B,7,5,7,2,7,0,6,7,0,6,7,2,6,5,1,1,3,1,3,1,1,4,1,"Eigenschaften eines Bewerbers und wie die Meinung beeinflusst wird, wie Eigenschaften in Verbindung mit Sympathie in Erinnerung bleiben"
78,3,yes,female,25,biology,6,3,5,6,,,correct,C,leader,1,3,6,0,0,7,6,7,5,7,5,5,correct,correct,correct,7,6,none,7,5,7,0,6,2,4,5,0,6,5,0,7,4,4,1,3,1,3,1,5,4,1,Welche Eigenschaften bei Bewerbern stärker berücksichtigt werden
79,1,yes,male,21,economics,3,6,5,5,,,correct,A,leader,7,6,4,7,4,3,4,6,5,5,2,6,correct,wrong,wrong,,,A,3,1,5,6,7,2,5,6,5,4,5,3,6,4,1,2,4,2,5,2,4,3,1,Man merkt sich die Eigenschaften des eigenen Favoriten und vergisst die anderen
79,2,no,female,24,medicine,13,4,5,6,5,4,correct,C,leader,4,4,3,7,4,4,5,6,6,6,6,6,wrong,do not know,do not know,,,C,5,4,5,4,5,4,3,5,5,3,4,4,4,3,1,1,3,1,2,2,3,2,1,"Kommunikation bei Personalentscheidungsagesprächen, welche Eigenschaften eines Bewerbers erinnert werden vor und nach der Diskussion"
79,3,no,male,22,economics,4,4,4,5,5,6,correct,C,leader,5,4,2,6,5,3,3,2,2,3,6,4,do not know,do not know,correct,,,none,7,3,3,2,5,5,2,5,5,3,4,6,3,3,1,1,2,2,3,1,1,3,1,Wie man reagiert in Gespächen über Bewerber
80,1,no,male,26,linguistics,14,5,6,3,5,4,correct,B,leader,4,7,6,3,7,3,4,6,6,6,6,5,wrong,wrong,wrong,,,B,7,2,7,2,5,4,5,6,3,4,6,2,5,4,1,1,4,1,3,2,4,3,1,Den geeigneten Pilot zu finden
80,2,yes,female,21,biology,4,6,5,5,,,correct,A,leader,4,6,4,4,5,4,2,6,2,4,4,5,wrong,wrong,do not know,,,C,7,1,3,5,4,6,4,2,7,2,2,6,4,4,1,1,2,2,3,2,3,2,2,"Gruppendynamik, Führungsqualität überprüfen"
80,3,no,female,20,biology,4,5,4,3,5,4,correct,A,leader,3,4,3,3,6,3,4,4,4,7,5,6,wrong,do not know,wrong,,,A,7,4,4,1,4,2,1,5,2,1,4,6,4,4,1,1,3,1,3,2,3,3,1,Wie sehr man seine eigene Meinung in der diskussion durchsetzenkann und ob man seine eigene Meinung ändern lässt
81,1,no,female,20,medicine,4,4,2,6,6,5,correct,C,leader,2,6,3,0,7,0,2,5,4,5,5,3,correct,correct,correct,7,7,none,7,1,7,1,5,3,3,3,3,3,3,2,5,4,1,1,2,1,3,2,3,3,2,Gruppendynamik
81,2,yes,female,22,medicine,8,4,3,5,,,correct,C,leader,4,6,5,2,7,3,2,7,4,3,4,5,correct,correct,correct,5,4,B,7,3,3,1,4,2,5,1,4,5,5,5,5,5,1,1,1,1,3,2,3,3,1,Einfluss der Präsentation neuer Informationen im Gespräch
81,3,no,male,43,medicine,4,3,3,6,7,7,correct,C,leader,5,7,5,1,7,1,5,5,7,7,6,7,correct,correct,correct,7,7,none,7,3,7,3,7,0,5,5,1,7,7,2,7,4,2,2,4,1,4,2,4,4,2,x
82,1,no,female,20,psychology,2,4,5,6,5,6,correct,C,leader,3,4,6,3,3,6,5,5,5,6,4,4,correct,correct,correct,4,4,C,7,4,7,0,5,3,4,5,3,3,5,5,2,4,2,1,2,2,2,1,3,1,1,Um die Gedächtnisleistung zu unterschiedlichen Zeitpunkten und wie diese durch Gruppendiskussionen beeinflusst wird
82,2,no,female,25,economics,6,2,6,3,6,5,correct,B,leader,4,4,7,2,2,7,4,4,4,5,5,5,correct,correct,correct,5,5,A,7,4,6,1,4,0,4,3,0,3,3,0,4,3,1,1,1,1,3,1,2,2,1,"Wie mit wenigen Informationen ein ""Bild"" von jemand Fremden entsteht und welche Auswirkungen zusätzliche Infos haben"
82,3,yes,male,22,law,8,3,4,6,,,correct,C,leader,3,2,6,3,3,7,5,7,3,5,5,5,correct,correct,correct,6,3,none,6,3,7,3,5,3,6,6,3,5,2,1,6,4,1,1,3,1,3,2,1,3,1,"Wie betimmte Informationen, die nicht allen Mitgliedern vorliegen geteilt werden und wie sich das auf die Auswahl des besten Bewerbers auswirkt"
83,1,yes,female,21,management,2,4,6,5,,,correct,B,leader,7,5,6,7,3,3,5,7,5,7,7,7,correct,wrong,wrong,,,B,7,4,7,6,6,0,6,7,7,5,5,7,7,5,1,4,4,1,1,1,3,2,1,Um das Befinden einer Person nach dem Treffen einer wichtigen Entscheidung in unterschiedlichen Rollen
83,2,no,male,20,economics,6,4,6,5,6,6,correct,B,leader,7,4,5,6,4,4,3,3,3,3,3,3,correct,wrong,correct,,,B,7,4,7,7,7,4,5,5,7,5,7,5,5,1,1,1,3,1,4,2,5,5,1,x
83,3,no,female,22,anthropology,6,5,6,5,4,5,correct,B,leader,6,2,2,7,2,4,4,6,5,4,5,3,do not know,do not know,do not know,,,B,6,2,6,4,2,5,4,3,3,4,3,4,5,3,1,1,2,1,3,2,3,3,1,"eventuell um die Faktoren, die von einer optimalen Auswahl ablenken, z.B. Dominanz, Hierarchie …"
58,1,no,female,21,psychology,4,2,4,6,,,correct,C,group,4,4,3,3,3,3,6,7,6,7,7,7,correct,correct,correct,2,0,none,7,6,7,0,7,0,6,7,0,6,7,0,7,4,1,1,4,1,3,1,3,3,1,Gruppendynamik bei Entscheidungsfindung und den Umgang mit unterschiedlichem Wissen in der Gruppe
58,2,no,female,22,educational science,6,3,4,6,,,correct,C,group,5,5,5,6,6,6,6,7,6,7,6,7,correct,correct,correct,5,5,B,7,6,6,0,7,3,4,6,3,5,6,3,6,4,1,1,4,1,4,2,4,4,1,Welche Eigenschaften entscheidend sind für die Personalauswahl oder wie sehr man selbst von den vorgegebenen Angaben beeinflusst wird und wie man sich dann nach der Diskussion entscheidet 
58,3,no,female,24,teacher's training,12,2,5,7,,,correct,C,group,6,4,4,5,4,5,7,7,7,5,7,6,correct,correct,correct,7,7,none,7,4,7,0,5,1,5,5,2,5,4,0,5,3,1,1,3,1,3,1,3,3,1,Korrelation von Eigenschaften und Gedächtnis; Wichtigkeit positiver und negativer Eigenschaften für den Auswahlprozess
59,1,yes,female,27,psychology,8,6,7,5,,,correct,B,leader,6,4,5,6,5,5,4,5,4,6,5,5,correct,correct,wrong,,,A,7,5,7,2,6,4,5,5,4,5,4,4,5,4,1,1,3,1,4,1,3,3,1,Beurteilung des Informationsaustauschs in einer Gruppe
59,2,no,female,23,chemistry,8,2,6,5,6,7,correct,"C, B",leader,6,3,4,7,0,0,2,4,2,5,3,6,do not know,do not know,do not know,,,C,7,5,5,1,4,4,3,4,5,2,4,6,3,3,1,1,4,1,1,2,1,1,1,Optimierung von Auswahlverfahren
59,3,no,male,20,teacher's training,4,4,6,3,6,6,correct,B,leader,6,3,3,5,3,3,6,7,5,4,5,5,do not know,correct,correct,,,none,5,1,5,1,5,0,6,4,0,3,4,0,5,3,1,1,1,1,3,1,3,4,1,Rolle und Verhalten des Kommisionsleiters in einer Gruppendiskussion bei unterschiedlichen Informationen
60,1,no,female,23,educational science,2,2,6,5,4,4,correct,B,leader,5,5,7,3,3,4,4,4,2,6,6,2,correct,correct,correct,4,5,B,7,2,7,2,5,0,4,4,0,4,4,6,5,4,1,1,1,1,3,1,3,3,1,x
60,2,no,female,22,psychology,2,3,5,6,5,5,correct,C,leader,4,5,6,5,5,7,4,6,4,4,4,5,correct,correct,correct,6,6,B,7,5,6,2,6,2,5,6,4,4,3,5,5,3,1,1,2,1,2,2,3,1,2,"Die Effekte einer Gruppendiskussion, wenn nicht alle Mitglieder die gleichen Informationen zur Verfügung haben und die Verzerrungseffekte, die dabei auftreten können "
60,3,yes,male,21,sport science,2,2,6,5,,,correct,B,leader,3,3,4,2,2,5,2,6,2,4,5,7,correct,correct,correct,5,6,C,7,1,5,5,4,1,3,4,1,3,3,6,5,3,1,1,1,1,2,1,1,1,1,Um die Diskussionsfähigkeit bei Informationen des Kurzzeitgedächtnisses
61,1,no,female,21,economics,2,4,3,6,,,correct,C,group,6,6,6,6,6,6,7,7,7,7,6,7,do not know,do not know,do not know,,,A,7,7,7,0,7,0,5,7,0,5,7,0,6,4,1,1,2,1,3,1,3,2,1,"Um die Art, wie in einer Gruppe Entscheidungen getroffen werden, wenn jedem Mitglied nur ein Teil der Informationen zur Verfügung steht"
61,2,no,female,21,educational science,6,3,5,7,,,correct,C,group,6,4,5,6,6,6,7,5,5,7,7,5,do not know,correct,wrong,,,B,7,2,7,0,5,0,3,5,1,3,5,4,5,3,1,1,4,1,3,1,3,4,1,"Welchen Einfluss es auf die Personalauswahl hat, welche Infos man erhält und an was sich die Gruppe erinnert"
61,3,no,female,22,educational science,6,3,4,7,,,correct,C,group,5,3,4,7,7,7,7,6,6,7,6,7,do not know,do not know,wrong,,,C,7,4,7,1,6,1,4,7,0,4,6,4,4,4,1,1,3,1,3,1,4,4,1,"Gedächtnisexperiment, bei dem bei ausgewählten Kandidaten positive Eigenschaften in Erinnerung bleiben und bei den anderen negative"
62,1,no,female,19,psychology,2,6,3,7,,,correct,C,group,4,4,4,3,4,4,6,6,5,7,4,6,correct,correct,correct,7,7,A,7,7,7,0,7,2,5,6,1,5,5,2,7,5,1,1,4,1,3,1,3,3,1,"Jedes Mitglied hatte zu seinem Kandidaten die besten Informatione, d.h. ich als Mitglied Nr. 1 habe Bewerber A automatisch bevorzugt, weil ich die besten Stärken und schwächsten Schwächen zu Kandidat A erhalten habe. Es soll erforscht werden, inwiefern sich dies auf die Gruppendiskussion auswirkt (Hidden Profile)"
62,2,no,female,20,educational science,2,6,6,7,,,correct,C,group,6,5,6,5,5,5,4,7,4,7,4,7,correct,correct,correct,6,3,B,7,7,6,0,5,2,4,4,2,3,5,3,6,3,1,1,3,1,2,1,3,1,1,Eventuell wie sehr man den eignen Kandidaten favorisiert
62,3,no,male,27,history,3,5,4,6,,,correct,C,group,6,5,6,4,4,4,6,3,6,6,6,6,correct,correct,correct,6,6,A,7,6,7,0,6,2,5,6,3,4,6,2,6,3,1,1,4,1,3,2,4,3,1,Entscheidungsfindung durch Austausch von Argumenten
63,1,no,female,19,teacher's training,2,3,7,5,5,6,correct,B,leader,3,3,7,4,4,4,5,5,5,5,4,4,wrong,wrong,correct,,,C,7,3,5,6,7,0,6,6,0,5,5,5,5,4,1,1,3,1,3,1,3,1,1,"Ich denke, es handelt sich um eine Gedächtnisstudie"
63,2,no,female,24,teacher's training,6,6,5,6,7,7,correct,B,leader,5,4,7,3,3,7,5,3,5,7,5,5,wrong,wrong,do not know,,,none,7,1,7,1,5,0,4,5,2,3,6,4,5,3,1,1,2,1,1,1,2,1,1,Gedächtnis/Merkfähigkeit
63,3,yes,female,22,teacher's training,8,3,6,5,,,correct,B,leader,5,4,6,5,5,6,2,7,6,7,6,7,correct,correct,correct,,,C,7,5,4,1,7,0,5,7,1,6,6,6,6,4,1,1,3,1,3,1,3,4,1,Inwieweit uns Meinungen von außen in unserer Entscheidung beeinflussen können
64,1,no,male,20,psychology,2,6,4,1,5,4,correct,A,leader,5,2,6,4,3,5,4,3,5,4,4,4,correct,correct,correct,6,6,A,7,2,6,5,5,0,4,5,2,4,6,2,6,4,1,1,3,1,3,2,4,3,1,Identifikation mit der eigenen Expertise
64,2,no,female,20,psychology,4,5,6,6,5,5,correct,B,leader,5,5,7,4,4,7,4,5,6,3,4,3,correct,correct,correct,5,6,B,6,4,5,2,6,3,3,6,4,4,5,6,6,4,1,1,3,1,3,1,4,3,1,"Identifikation in einer Gruppe; inwieweit man als ""Experte"" seinen Piloten favorisiert"
64,3,yes,female,18,psychology,2,2,5,7,,,correct,C,leader,5,5,7,5,5,7,6,7,6,6,4,6,correct,correct,correct,6,2,B,4,3,7,1,5,6,3,6,6,2,5,5,5,5,1,2,4,1,4,2,4,4,1,"Wie sehr bringt man sich in die Gruppe ein und stellt Informationen bereit; wie sehr berücksichtigt die Führungsperson die Meinung der anderen und ist sie durch den Austausch in der Gruppe fähig, eine gute Entscheidung zu treffen"
65,1,no,male,22,teacher's training,4,3,6,4,,,correct,B,group,5,6,4,4,4,4,3,6,5,5,7,7,correct,wrong,wrong,,,B,7,5,7,2,7,1,6,6,0,4,6,0,6,4,2,1,5,1,4,1,5,3,1,"Gruppendynamik: Fremde Menschen, die über ein Thema diskutieren, über das sie wenig wissen"
65,2,no,male,28,history,6,2,5,6,,,correct,C,group,5,5,5,6,6,6,7,7,7,7,6,7,wrong,do not know,correct,,,B,7,7,7,0,7,1,7,7,4,6,7,0,6,5,1,1,3,1,3,2,4,3,1,Das Zusammenarbeiten und Verarbeiten von Informationen
65,3,no,female,23,psychology,6,3,5,6,,,correct,C,group,4,5,5,5,5,5,5,6,5,6,5,6,do not know,wrong,wrong,,,B,7,7,7,0,7,4,7,6,3,6,6,5,6,4,1,1,3,1,4,3,4,4,1,"ob mit begrenzten Inforamtionen durch Diskussion, bei der die Teilnehmer auch verschiedene Infos haben, ein Konsens  gefunden und die richtige Entscheidung getroffen werden kann; evtl. auch um Gruppendynamik während der Diskussion"
66,1,no,female,24,psychology,4,3,5,6,6,7,correct,C,leader,5,6,4,5,7,5,4,4,5,7,6,5,wrong,do not know,wrong,,,C,7,2,6,0,6,1,5,3,1,5,6,1,6,3,1,1,2,1,3,1,2,2,1,"Ob die eigene Selbstdarstellung die Entscheidung beeinflusst, also ob die Entscheidung aufgrund der besten Argumentation dem besten Auftreten eines Mitglieds getroffen wird"
66,2,yes,female,25,psychology,8,2,6,5,,,correct,B,leader,5,7,5,5,7,5,5,7,6,6,6,5,do not know,do not know,do not know,,,B,7,3,7,1,6,0,5,6,2,5,6,5,6,4,1,1,3,1,3,2,3,3,1,"Infos anderer annehmen und einbeziehen, also Entscheidungen treffen auf Basis von Infos, die nicht von einem selbst stammen"
66,3,no,male,25,engineering,4,3,6,4,6,6,correct,B,leader,4,6,4,3,6,3,2,3,4,5,4,4,correct,do not know,wrong,,,none,7,4,6,0,6,1,4,6,2,4,6,3,5,3,1,1,4,1,4,2,3,2,1,"In dieser Studie ging es darum herauszufinden, wie sich Personen entscheiden und über andere Personen urteilen, wenn nur Informationen über die Persönlichkeit bekannt sind"
67,1,no,female,20,anthropology,2,2,4,6,,,correct,C,group,6,6,6,6,6,6,7,6,5,6,4,5,do not know,do not know,do not know,,,none,7,5,7,0,6,0,5,6,0,5,6,1,6,4,1,1,4,1,3,1,4,2,1,"Gedächtnis, Entschlussföhigkeit, Teamfähigkeit"
67,2,no,female,22,history,7,3,5,7,,,correct,C,group,6,6,6,6,6,6,6,6,7,7,6,6,wrong,do not know,wrong,,,B,7,5,7,0,7,0,4,6,0,6,6,0,7,4,1,1,3,1,2,1,2,2,1,Bewertung von Menschen anhand von Charaktereigenschaften
67,3,no,female,20,biology,2,4,5,6,,,correct,C,group,7,7,7,7,7,7,6,5,7,7,7,7,do not know,do not know,wrong,,,none,7,5,7,0,7,0,5,6,0,4,6,5,6,4,1,1,4,1,3,3,3,3,1,Es ist um Auswahlkriterien in einem Bewerbungsgespräch gegangen
68,1,no,female,20,psychology,4,5,3,6,,,correct,C,group,7,7,7,7,7,7,5,6,5,7,5,5,wrong,wrong,correct,,,B,7,7,7,1,6,0,5,6,0,5,6,2,5,3,1,1,5,1,2,1,3,3,1,soziale Identität; Gruppenkonformität
68,2,no,male,26,engineering,10,4,2,6,,,correct,C,group,5,3,5,4,4,4,7,5,6,6,7,4,do not know,do not know,do not know,,,B,7,7,5,0,7,5,7,6,6,6,6,3,6,4,1,1,3,1,3,1,4,4,1,x
68,3,no,female,24,teacher's training,4,2,1,7,,,correct,C,group,6,5,6,5,4,5,6,6,6,6,6,7,wrong,wrong,wrong,,,B,7,2,6,0,7,0,6,6,1,6,6,1,6,4,1,1,2,1,4,1,4,4,1,Gruppenprozesse bzw. Interaktion in der Gruppe; zum Teil wurde aber auch die Gedächtnisleistung abgeprüft; Entscheidungen in der Gruppe gemeinsam treffen
69,1,no,female,22,biology,6,5,3,2,6,5,correct,A,leader,4,3,5,3,3,6,4,5,4,5,6,6,correct,do not know,wrong,,,A,7,1,5,1,5,0,5,5,2,4,4,5,5,4,1,1,3,2,3,2,3,3,1,"Führungsqualitäten, Kurzzeitgedächtnis"
69,2,no,male,25,sport science,10,6,2,5,6,6,correct,A,leader,5,5,6,5,5,6,5,5,5,6,5,6,wrong,do not know,correct,,,A,7,3,7,2,5,3,5,5,5,5,6,6,5,4,1,1,1,1,3,1,3,3,1,Gedächnisleistung nach Drucksituation
69,3,yes,female,20,educational science,2,6,5,3,,,correct,A,leader,6,6,7,5,5,6,6,7,7,5,5,3,do not know,do not know,do not know,,,B,7,4,4,3,7,7,6,7,0,6,4,2,6,5,1,1,3,1,4,1,4,4,1,x
70,1,no,female,27,history,14,2,5,6,,,correct,C,group,5,5,6,7,6,7,6,7,6,7,6,7,correct,correct,correct,6,5,A,7,6,7,1,7,4,7,7,0,6,6,1,7,4,1,1,4,1,4,1,4,3,1,Entwickelt sich eine Führungsrolle heraus und wie beeinflusst deren Favorit das Ergebnis?
70,2,no,female,27,archeology,5,2,6,6,,,correct,B,group,5,6,7,6,6,6,6,7,6,7,5,6,correct,correct,correct,7,6,B,7,7,6,0,7,0,6,7,1,6,7,0,7,4,1,1,3,1,5,1,4,4,1,"Ich vermute, es ging um die Gruppendynamik innerhalb eines Entscheidungsfindungsprozesses --> lässt sich jemand von seiner Ansicht abbringen, obwohl sie vielleicht richtig ist, aufgrund von zum Beispiel mangelnder Durchsetzungsfähigkeit oder sozialer Angst"
70,3,no,female,23,educational science,2,2,5,7,,,correct,C,group,3,5,5,4,4,4,6,7,6,6,6,7,correct,correct,correct,6,7,none,7,5,7,0,7,0,4,6,0,4,6,1,7,4,1,1,2,1,3,1,3,1,1,Verfahren zur Bewerberselektion
71,1,yes,male,26,psychology,4,1,2,4,,,correct,C,leader,7,5,5,7,4,4,5,6,6,6,4,7,correct,correct,correct,6,5,A,7,1,7,0,5,0,4,3,0,3,1,2,5,5,1,1,3,2,3,1,3,2,1,"Art und Weise, wie man eine Diskussion führen kann, um zu einem möglichst guten Ergebnis zu kommen"
71,2,no,male,22,psychology,4,4,7,6,7,7,correct,B,leader,7,6,6,7,6,6,4,6,5,6,6,6,correct,correct,correct,7,7,B,6,6,6,3,6,0,5,5,0,6,5,0,6,4,1,1,3,1,4,3,2,4,1,"Inwieweit sich drei Menschen mit unterschiedlichen Informationen auf eine Person einigen können, ohne darüber abzustimmen"
71,3,no,male,26,psychology,4,4,6,5,7,7,correct,B,leader,6,4,4,6,3,3,4,1,5,6,6,6,correct,correct,correct,6,6,none,7,3,6,2,5,0,4,3,0,5,6,0,6,3,1,1,3,1,3,1,2,1,1,x
72,1,no,male,19,engineering,1,4,3,2,6,4,correct,A,leader,4,2,6,2,2,7,7,4,4,4,7,4,correct,do not know,do not know,,,A,7,4,4,0,7,2,4,5,1,3,2,1,6,3,1,1,2,1,1,1,1,1,1,x
72,2,no,male,24,philosophy,9,5,3,1,6,6,correct,A,leader,5,4,7,3,3,7,5,3,4,5,6,5,wrong,wrong,wrong,,,none,6,5,7,1,5,2,3,3,6,4,3,4,4,3,1,1,2,1,3,2,3,3,1,"Verhalten in Entscheidungssituationen, die keine eindeutige Lösung beinhalten"
72,3,yes,female,20,psychology,4,6,5,2,,,correct,A,leader,6,5,7,2,2,7,6,6,6,7,6,7,do not know,do not know,do not know,,,B,7,1,7,1,6,1,5,7,2,5,7,6,6,4,1,2,3,1,3,1,3,3,1,Andere Herangehensweisen bei der Personalauswahl testen
73,1,no,female,20,linguistics,6,4,3,4,4,5,correct,A,leader,2,7,2,0,7,0,3,5,3,4,3,2,correct,correct,correct,2,6,A,6,5,6,1,5,4,2,4,4,1,5,7,1,4,2,1,2,1,2,3,3,1,2,Wie sich Diskussionsteilnehmer in einem Entscheidungsprozess verhalten und welche Eigenschaften welche Wichtigkeit haben
73,2,yes,male,22,teacher's training,6,2,5,6,,,correct,C,leader,3,7,4,4,7,3,5,3,4,5,3,4,correct,correct,correct,5,5,B,7,5,7,0,6,0,2,4,0,2,0,0,3,3,1,1,3,1,1,1,3,1,1,Einfluss von Infos auf den Entscheidungsprozess
73,3,no,male,24,engineering,10,2,7,6,7,7,correct,B,leader,4,7,4,4,7,4,5,5,4,6,5,6,correct,correct,correct,6,7,B,6,5,5,1,7,0,4,4,0,4,6,0,6,3,1,1,3,1,3,2,4,3,1,Verhalten bei der Auswahl verschiedener Bewerber
74,1,no,female,21,psychology,2,2,6,7,,,correct,C,group,5,5,3,5,5,3,6,6,6,6,4,6,correct,correct,correct,7,6,B,7,5,7,0,6,0,6,4,1,5,3,0,7,4,1,1,4,1,3,1,4,3,1,"Es ging darum, den unterschiedlichen Umgang mit geteilten und ungeteilen Informationen in einer Gruppendiskussion zu untersuchen"
74,2,no,male,25,teacher's training,14,3,5,6,,,correct,C,group,5,5,3,5,5,5,6,5,5,5,5,6,correct,correct,correct,6,5,B,7,5,5,0,7,2,7,6,1,5,5,0,5,4,2,1,3,1,4,1,4,3,1,"Eventuell den Einfluss verschiedener Mitglieder in Auswahlkommissionen, ausgehend von ihren persönlichen Eigenschaften (dominant, überzeugend)"
74,3,no,female,21,psychology,4,3,5,6,,,correct,B,group,5,5,3,4,4,4,5,5,4,6,6,5,correct,correct,correct,6,6,A,6,6,6,0,5,0,5,7,3,7,7,6,3,3,1,2,3,1,2,3,2,2,1,Selektive Informationsverarbeitung in Entscheidungsprozessen
75,1,no,female,24,sport science,2,5,6,7,7,6,correct,C,leader,5,5,7,5,5,7,5,4,5,6,5,5,correct,correct,correct,5,4,B,7,5,7,0,7,0,3,7,1,2,4,7,5,4,1,1,1,2,1,1,3,3,1,"Wie viel man sich in der vorgegebenen Zeit merkt und ob einem bewusst ist, zu welchem Piloten man die meisten individuellen Informationen hat"
75,2,no,female,24,psychology,10,3,4,6,7,7,correct,C,leader,5,5,7,5,5,7,5,5,6,7,7,7,correct,correct,correct,7,7,none,7,2,7,5,6,0,5,5,0,4,6,2,4,3,1,1,2,1,2,1,2,2,1,Erinnerungsvermögen und Gruppenzugehörigkeit; verändert sich die Meinung und Erinnerung durch die Gruppe
75,3,yes,female,27,teacher's training,10,4,6,7,,,correct,C,leader,5,4,7,4,4,7,5,7,7,7,6,0,correct,correct,correct,7,7,none,7,7,7,1,7,0,6,7,0,7,7,1,7,5,1,1,5,1,4,1,4,4,1,"zu messen, wie sich die Stellung einer Person in der Gruppe auf deren Wohlbefinden auswirkt"